AirTemperature,Rain,WindSpeed,SnowDepth,time,WindDirection,RelativeHumidity,week_of_year
14.4,0.0, 7.1, 0.002,2020-08-19 00:00:00, 272.0,94.0,34
14.3,0.0, 6.7, None,2020-08-19 00:15:00, 269.0,94.0,34
14.1,0.0, 6.6, None,2020-08-19 00:30:00, 263.0,94.0,34
14.3,0.0, 7.8, None,2020-08-19 00:45:00, 251.0,94.0,34
14.2,0.0, 7.1, 0.0,2020-08-19 01:00:00, 245.0,95.0,34
13.7,0.0, 6.0, None,2020-08-19 01:15:00, 247.0,96.0,34
13.5,0.0, 6.1, None,2020-08-19 01:30:00, 238.0,96.0,34
13.1,0.0, 6.8, None,2020-08-19 01:45:00, 238.0,97.0,34
13.7,0.0, 7.9, 0.002,2020-08-19 02:00:00, 239.0,96.0,34
13.5,0.0, 5.8, None,2020-08-19 02:15:00, 243.0,97.0,34
13.0,0.0, 5.6, None,2020-08-19 02:30:00, 247.0,98.0,34
13.0,0.0, 5.9, None,2020-08-19 02:45:00, 250.0,98.0,34
12.7,0.0, 5.3, 0.0,2020-08-19 03:00:00, 250.0,98.0,34
12.6,0.0, 5.5, None,2020-08-19 03:15:00, 270.0,98.0,34
12.3,0.0, 5.5, None,2020-08-19 03:30:00, 276.0,98.0,34
12.0,0.0, 5.4, None,2020-08-19 03:45:00, 261.0,98.0,34
11.9,0.0, 4.9, 0.001,2020-08-19 04:00:00, 263.0,98.0,34
11.9,0.0, 5.8, None,2020-08-19 04:15:00, 254.0,98.0,34
11.9,0.0, 5.7, None,2020-08-19 04:30:00, 269.0,98.0,34
11.7,0.0, 3.7, None,2020-08-19 04:45:00, 263.0,98.0,34
11.6,0.0, 4.6, 0.001,2020-08-19 05:00:00, 268.0,98.0,34
11.5,0.0, 4.7, None,2020-08-19 05:15:00, 270.0,98.0,34
11.2,0.0, 3.4, None,2020-08-19 05:30:00, 268.0,98.0,34
11.5,0.0, 3.9, None,2020-08-19 05:45:00, 278.0,98.0,34
11.7,0.0, 3.9, 0.002,2020-08-19 06:00:00, 251.0,98.0,34
12.3,0.0, 3.9, None,2020-08-19 06:15:00, 254.0,98.0,34
12.8,0.0, 4.5, None,2020-08-19 06:30:00, 255.0,99.0,34
13.6,0.0, 4.1, None,2020-08-19 06:45:00, 270.0,96.0,34
15.2,0.0, 3.0, 0.002,2020-08-19 07:00:00, 270.0,92.0,34
16.7,0.0, 2.1, None,2020-08-19 07:15:00, 189.0,85.0,34
17.7,0.0, 3.0, None,2020-08-19 07:30:00, 183.0,79.0,34
18.7,0.0, 2.6, None,2020-08-19 07:45:00, 151.0,76.0,34
19.0,0.0, 3.4, 0.0,2020-08-19 08:00:00, 86.0,74.0,34
19.5,0.0, 5.3, None,2020-08-19 08:15:00, 194.0,73.0,34
20.4,0.0, 2.7, None,2020-08-19 08:30:00, 127.0,70.0,34
20.6,0.0, 3.8, None,2020-08-19 08:45:00, 103.0,68.0,34
21.4,0.0, 4.0, 0.0,2020-08-19 09:00:00, 81.0,66.0,34
21.5,0.0, 5.5, None,2020-08-19 09:15:00, 82.0,64.0,34
21.3,0.0, 5.0, None,2020-08-19 09:30:00, 92.0,63.0,34
21.9,0.0, 6.6, None,2020-08-19 09:45:00, 74.0,61.0,34
23.0,0.0, 4.0, 0.0,2020-08-19 10:00:00, 88.0,57.0,34
23.9,0.0, 4.2, None,2020-08-19 10:15:00, 162.0,50.0,34
24.3,0.0, 4.5, None,2020-08-19 10:30:00, 199.0,53.0,34
22.6,0.0, 5.2, None,2020-08-19 10:45:00, 123.0,58.0,34
23.1,0.0, 6.4, 0.0,2020-08-19 11:00:00, 164.0,53.0,34
23.6,0.0, 8.4, None,2020-08-19 11:15:00, 134.0,49.0,34
24.2,0.0, 7.3, None,2020-08-19 11:30:00, 156.0,49.0,34
24.7,0.0, 6.7, None,2020-08-19 11:45:00, 155.0,46.0,34
25.4,0.0, 5.7, 0.0,2020-08-19 12:00:00, 101.0,50.0,34
24.4,0.0, 7.9, None,2020-08-19 12:15:00, 56.0,51.0,34
23.9,0.0, 9.9, None,2020-08-19 12:30:00, 58.0,53.0,34
24.0,0.0, 6.3, None,2020-08-19 12:45:00, 69.0,54.0,34
23.7,0.0, 7.2, 0.0,2020-08-19 13:00:00, 79.0,54.0,34
23.7,0.0, 4.8, None,2020-08-19 13:15:00, 136.0,55.0,34
23.9,0.0, 5.0, None,2020-08-19 13:30:00, 64.0,54.0,34
24.3,0.0, 8.8, None,2020-08-19 13:45:00, 66.0,48.0,34
25.0,0.0, 7.5, 0.005,2020-08-19 14:00:00, 59.0,45.0,34
25.5,0.0, 5.9, None,2020-08-19 14:15:00, 121.0,44.0,34
25.4,0.0, 7.4, None,2020-08-19 14:30:00, 72.0,42.0,34
25.0,0.0, 8.5, None,2020-08-19 14:45:00, 127.0,41.0,34
24.8,0.0, 8.1, 0.0,2020-08-19 15:00:00, 190.0,41.0,34
24.7,0.0, 6.9, None,2020-08-19 15:15:00, 189.0,40.0,34
24.1,0.0, 6.9, None,2020-08-19 15:30:00, 159.0,41.0,34
24.5,0.0, 5.2, None,2020-08-19 15:45:00, 157.0,38.0,34
25.1,0.0, 3.5, 0.0,2020-08-19 16:00:00, 174.0,37.0,34
24.8,0.0, 5.1, None,2020-08-19 16:15:00, 172.0,35.0,34
24.1,0.0, 5.7, None,2020-08-19 16:30:00, 233.0,38.0,34
23.6,0.0, 4.5, None,2020-08-19 16:45:00, 179.0,42.0,34
23.5,0.0, 3.4, 0.0,2020-08-19 17:00:00, 228.0,43.0,34
23.2,0.0, 3.5, None,2020-08-19 17:15:00, 179.0,49.0,34
22.9,0.0, 2.7, None,2020-08-19 17:30:00, 270.0,52.0,34
22.7,0.0, 5.5, None,2020-08-19 17:45:00, 212.0,52.0,34
22.5,0.0, 4.9, 0.0,2020-08-19 18:00:00, 170.0,54.0,34
22.3,0.0, 5.1, None,2020-08-19 18:15:00, 204.0,54.0,34
22.0,0.0, 3.8, None,2020-08-19 18:30:00, 166.0,52.0,34
21.6,0.0, 3.0, None,2020-08-19 18:45:00, 110.0,55.0,34
21.3,0.0, 3.8, 0.0,2020-08-19 19:00:00, 172.0,53.0,34
20.7,0.0, 4.2, None,2020-08-19 19:15:00, 278.0,61.0,34
19.9,0.0, 4.9, None,2020-08-19 19:30:00, 296.0,63.0,34
19.4,0.0, 9.0, None,2020-08-19 19:45:00, 289.0,69.0,34
19.0,0.0, 7.1, 0.0,2020-08-19 20:00:00, 252.0,69.0,34
19.4,0.0, 4.9, None,2020-08-19 20:15:00, 56.0,64.0,34
19.5,0.0, 4.1, None,2020-08-19 20:30:00, 287.0,64.0,34
18.8,0.0, 3.2, None,2020-08-19 20:45:00, 257.0,67.0,34
18.6,0.0, 4.1, 0.0,2020-08-19 21:00:00, 271.0,69.0,34
19.2,0.0, 4.7, None,2020-08-19 21:15:00, 149.0,60.0,34
19.0,0.0, 5.3, None,2020-08-19 21:30:00, 93.0,56.0,34
19.1,0.0, 3.1, None,2020-08-19 21:45:00, 140.0,57.0,34
19.1,0.0, 5.6, 0.001,2020-08-19 22:00:00, 214.0,58.0,34
19.0,0.0, 2.9, None,2020-08-19 22:15:00, 147.0,59.0,34
18.8,0.0, 4.3, None,2020-08-19 22:30:00, 193.0,62.0,34
18.8,0.0, 4.1, None,2020-08-19 22:45:00, 202.0,65.0,34
18.4,0.0, 3.9, 0.001,2020-08-19 23:00:00, 270.0,69.0,34
18.0,0.0, 2.9, None,2020-08-19 23:15:00, 147.0,80.0,34
17.1,0.0, 3.2, None,2020-08-19 23:30:00, 100.0,85.0,34
16.3,0.254, 2.8, None,2020-08-19 23:45:00, 46.0,92.0,34
15.9,0.0, 3.1, 0.001,2020-08-20 00:00:00, 348.0,94.0,34
15.7,0.0, 5.1, None,2020-08-20 00:15:00, 212.0,93.0,34
15.7,0.0, 3.5, None,2020-08-20 00:30:00, 231.0,95.0,34
15.5,0.254, 4.0, None,2020-08-20 00:45:00, 186.0,97.0,34
15.2,0.254, 4.7, 0.003,2020-08-20 01:00:00, 240.0,98.0,34
15.1,0.254, 3.8, None,2020-08-20 01:15:00, 258.0,98.0,34
14.9,0.255, 3.3, None,2020-08-20 01:30:00, 284.0,98.0,34
14.9,0.254, 5.8, None,2020-08-20 01:45:00, 240.0,98.0,34
14.8,0.508, 6.2, 0.004,2020-08-20 02:00:00, 229.0,98.0,34
14.8,0.508, 8.3, None,2020-08-20 02:15:00, 241.0,99.0,34
14.8,0.254, 7.5, None,2020-08-20 02:30:00, 232.0,99.0,34
14.8,0.254, 5.1, None,2020-08-20 02:45:00, 229.0,99.0,34
14.9,0.508, 4.8, 0.004,2020-08-20 03:00:00, 193.0,99.0,34
14.9,0.254, 5.3, None,2020-08-20 03:15:00, 213.0,99.0,34
15.0,0.255, 5.3, None,2020-08-20 03:30:00, 229.0,99.0,34
15.0,0.254, 5.0, None,2020-08-20 03:45:00, 227.0,99.0,34
15.1,0.254, 5.0, 0.004,2020-08-20 04:00:00, 244.0,99.0,34
15.1,0.254, 5.2, None,2020-08-20 04:15:00, 233.0,99.0,34
15.1,0.0, 3.8, None,2020-08-20 04:30:00, 197.0,99.0,34
15.1,0.254, 5.0, None,2020-08-20 04:45:00, 221.0,99.0,34
15.1,0.0, 4.9, 0.005,2020-08-20 05:00:00, 266.0,99.0,34
15.2,0.508, 2.3, None,2020-08-20 05:15:00, 207.0,99.0,34
15.1,0.508, 1.9, None,2020-08-20 05:30:00, 61.0,99.0,34
15.1,0.509, 2.5, None,2020-08-20 05:45:00, 123.0,99.0,34
15.1,0.0, 4.2, 0.005,2020-08-20 06:00:00, 41.0,98.0,34
15.1,0.0, 3.4, None,2020-08-20 06:15:00, 5.0,98.0,34
15.1,0.254, 3.1, None,2020-08-20 06:30:00, 47.0,98.0,34
15.2,0.0, 2.3, None,2020-08-20 06:45:00, 311.0,98.0,34
15.5,0.0, 2.3, 0.005,2020-08-20 07:00:00, 95.0,99.0,34
15.8,0.0, 3.3, None,2020-08-20 07:15:00, 42.0,99.0,34
16.1,0.254, 3.6, None,2020-08-20 07:30:00, 48.0,98.0,34
16.6,0.0, 4.8, None,2020-08-20 07:45:00, 48.0,98.0,34
16.7,0.0, 5.4, 0.004,2020-08-20 08:00:00, 48.0,97.0,34
16.3,0.0, 5.7, None,2020-08-20 08:15:00, 55.0,98.0,34
15.7,0.0, 5.5, None,2020-08-20 08:30:00, 64.0,99.0,34
15.9,0.0, 4.8, None,2020-08-20 08:45:00, 48.0,99.0,34
15.7,0.0, 7.0, 0.004,2020-08-20 09:00:00, 46.0,99.0,34
15.4,0.0, 6.9, None,2020-08-20 09:15:00, 38.0,99.0,34
15.4,0.0, 5.9, None,2020-08-20 09:30:00, 39.0,99.0,34
15.3,0.0, 5.5, None,2020-08-20 09:45:00, 20.0,99.0,34
15.4,0.0, 5.5, 0.004,2020-08-20 10:00:00, 20.0,99.0,34
15.6,0.0, 4.8, None,2020-08-20 10:15:00, 32.0,99.0,34
15.8,0.0, 4.1, None,2020-08-20 10:30:00, 45.0,99.0,34
16.2,0.0, 4.2, None,2020-08-20 10:45:00, 40.0,99.0,34
16.7,0.0, 4.9, 0.003,2020-08-20 11:00:00, 40.0,97.0,34
17.0,0.0, 4.6, None,2020-08-20 11:15:00, 29.0,95.0,34
16.8,0.0, 5.5, None,2020-08-20 11:30:00, 37.0,95.0,34
17.2,0.0, 4.3, None,2020-08-20 11:45:00, 6.0,95.0,34
17.3,0.0, 3.1, 0.004,2020-08-20 12:00:00, 46.0,94.0,34
17.8,0.0, 3.9, None,2020-08-20 12:15:00, 46.0,93.0,34
17.9,0.0, 4.9, None,2020-08-20 12:30:00, 13.0,94.0,34
17.7,0.0, 4.4, None,2020-08-20 12:45:00, 348.0,93.0,34
17.9,0.0, 4.4, 0.004,2020-08-20 13:00:00, 296.0,92.0,34
18.0,0.0, 3.1, None,2020-08-20 13:15:00, 296.0,92.0,34
17.8,0.0, 3.6, None,2020-08-20 13:30:00, 298.0,94.0,34
17.8,0.0, 3.2, None,2020-08-20 13:45:00, 283.0,95.0,34
17.7,0.0, 4.0, 0.004,2020-08-20 14:00:00, 314.0,96.0,34
17.6,0.254, 4.9, None,2020-08-20 14:15:00, 292.0,97.0,34
17.7,0.0, 3.7, None,2020-08-20 14:30:00, 284.0,96.0,34
17.8,0.508, 2.6, None,2020-08-20 14:45:00, 264.0,98.0,34
17.9,0.508, 2.9, 0.004,2020-08-20 15:00:00, 290.0,98.0,34
17.8,0.508, 1.8, None,2020-08-20 15:15:00, 331.0,98.0,34
17.8,1.017, 1.7, None,2020-08-20 15:30:00, 299.0,98.0,34
17.6,0.762, 2.4, None,2020-08-20 15:45:00, 73.0,98.0,34
17.6,0.254, 1.6, 0.004,2020-08-20 16:00:00, 90.0,98.0,34
17.6,0.254, 1.4, None,2020-08-20 16:15:00, 92.0,99.0,34
17.7,0.254, 1.9, None,2020-08-20 16:30:00, 67.0,99.0,34
17.6,0.254, 2.1, None,2020-08-20 16:45:00, 78.0,99.0,34
17.7,0.0, 2.0, 0.005,2020-08-20 17:00:00, 103.0,99.0,34
17.7,0.763, 1.9, None,2020-08-20 17:15:00, 123.0,99.0,34
17.6,1.27, 1.7, None,2020-08-20 17:30:00, 56.0,99.0,34
17.4,0.508, 1.3, None,2020-08-20 17:45:00, 240.0,98.0,34
17.3,0.509, 0.8, 0.003,2020-08-20 18:00:00, 164.0,98.0,34
17.3,0.0, 2.0, None,2020-08-20 18:15:00, 2.0,99.0,34
17.2,0.0, 3.1, None,2020-08-20 18:30:00, 275.0,99.0,34
16.9,0.0, 4.3, None,2020-08-20 18:45:00, 267.0,99.0,34
16.8,0.0, 2.6, 0.005,2020-08-20 19:00:00, 280.0,99.0,34
16.7,0.0, 2.7, None,2020-08-20 19:15:00, 253.0,99.0,34
16.7,0.0, 1.5, None,2020-08-20 19:30:00, 250.0,99.0,34
16.6,0.0, 1.4, None,2020-08-20 19:45:00, 355.0,99.0,34
16.6,0.0, 2.2, 0.005,2020-08-20 20:00:00, 238.0,99.0,34
16.6,0.254, 2.0, None,2020-08-20 20:15:00, 327.0,98.0,34
16.5,0.0, 3.1, None,2020-08-20 20:30:00, 272.0,98.0,34
16.5,0.0, 1.7, None,2020-08-20 20:45:00, 269.0,98.0,34
16.5,0.0, 1.2, 0.001,2020-08-20 21:00:00, 175.0,98.0,34
16.5,0.0, 3.1, None,2020-08-20 21:15:00, 237.0,98.0,34
16.4,0.254, 4.0, None,2020-08-20 21:30:00, 300.0,98.0,34
16.4,0.0, 3.5, None,2020-08-20 21:45:00, 278.0,98.0,34
16.4,0.0, 2.6, 0.003,2020-08-20 22:00:00, 269.0,98.0,34
16.3,0.0, 2.3, None,2020-08-20 22:15:00, 247.0,98.0,34
16.3,0.0, 2.7, None,2020-08-20 22:30:00, 237.0,98.0,34
16.2,0.0, 2.5, None,2020-08-20 22:45:00, 249.0,98.0,34
16.2,0.0, 3.1, 0.001,2020-08-20 23:00:00, 243.0,98.0,34
16.0,0.0, 2.4, None,2020-08-20 23:15:00, 283.0,98.0,34
16.0,0.0, 2.6, None,2020-08-20 23:30:00, 258.0,98.0,34
15.9,0.0, 2.7, None,2020-08-20 23:45:00, 261.0,98.0,34
15.9,0.0, 1.6, 0.0,2020-08-21 00:00:00, 249.0,98.0,34
15.9,0.0, 1.4, None,2020-08-21 00:15:00, 215.0,98.0,34
15.9,0.0, 3.0, None,2020-08-21 00:30:00, 236.0,98.0,34
16.0,0.0, 3.4, None,2020-08-21 00:45:00, 184.0,98.0,34
16.0,0.0, 3.3, 0.002,2020-08-21 01:00:00, 253.0,98.0,34
15.9,0.0, 3.3, None,2020-08-21 01:15:00, 198.0,98.0,34
15.8,0.0, 3.0, None,2020-08-21 01:30:00, 47.0,98.0,34
15.7,0.0, 3.6, None,2020-08-21 01:45:00, 190.0,98.0,34
15.9,0.0, 3.0, 0.01,2020-08-21 02:00:00, 120.0,98.0,34
15.6,0.0, 1.3, None,2020-08-21 02:15:00, 236.0,98.0,34
15.6,0.0, 1.6, None,2020-08-21 02:30:00, 295.0,98.0,34
15.5,0.0, 2.4, None,2020-08-21 02:45:00, 215.0,98.0,34
15.5,0.0, 2.4, 0.01,2020-08-21 03:00:00, 207.0,98.0,34
15.3,0.0, 2.5, None,2020-08-21 03:15:00, 273.0,98.0,34
15.5,0.0, 4.5, None,2020-08-21 03:30:00, 235.0,98.0,34
15.9,0.0, 3.4, None,2020-08-21 03:45:00, 146.0,100.0,34
15.9,0.0, 4.1, 0.01,2020-08-21 04:00:00, 241.0,100.0,34
16.1,0.0, 8.9, None,2020-08-21 04:15:00, 252.0,95.0,34
16.0,0.0, 5.4, None,2020-08-21 04:30:00, 179.0,96.0,34
15.8,0.0, 6.0, None,2020-08-21 04:45:00, 213.0,98.0,34
15.8,0.0, 3.2, 0.008,2020-08-21 05:00:00, 167.0,97.0,34
15.3,0.0, 4.3, None,2020-08-21 05:15:00, 234.0,99.0,34
14.8,0.0, 2.7, None,2020-08-21 05:30:00, 33.0,100.0,34
14.8,0.0, 4.8, None,2020-08-21 05:45:00, 247.0,100.0,34
15.1,0.0, 5.5, 0.01,2020-08-21 06:00:00, 216.0,100.0,34
15.4,0.0, 5.3, None,2020-08-21 06:15:00, 176.0,98.0,34
15.6,0.0, 4.5, None,2020-08-21 06:30:00, 230.0,98.0,34
15.4,0.0, 4.3, None,2020-08-21 06:45:00, 216.0,99.0,34
15.3,0.254, 4.9, 0.01,2020-08-21 07:00:00, 233.0,99.0,34
15.4,0.0, 3.4, None,2020-08-21 07:15:00, 238.0,99.0,34
15.5,0.254, 4.2, None,2020-08-21 07:30:00, 185.0,99.0,34
15.6,0.508, 2.6, None,2020-08-21 07:45:00, 199.0,99.0,34
15.7,0.254, 2.1, 0.01,2020-08-21 08:00:00, 199.0,99.0,34
16.0,0.0, 2.9, None,2020-08-21 08:15:00, 231.0,99.0,34
16.1,0.0, 3.9, None,2020-08-21 08:30:00, 225.0,99.0,34
16.3,0.0, 4.2, None,2020-08-21 08:45:00, 173.0,99.0,34
16.3,0.0, 5.1, 0.01,2020-08-21 09:00:00, 177.0,99.0,34
16.6,0.0, 4.0, None,2020-08-21 09:15:00, 205.0,98.0,34
16.8,0.254, 6.2, None,2020-08-21 09:30:00, 247.0,95.0,34
16.6,0.509, 10.6, None,2020-08-21 09:45:00, 238.0,91.0,34
16.9,0.254, 6.4, 0.009,2020-08-21 10:00:00, 246.0,96.0,34
17.5,0.254, 3.3, None,2020-08-21 10:15:00, 215.0,93.0,34
17.3,0.254, 5.0, None,2020-08-21 10:30:00, 258.0,95.0,34
17.2,0.508, 3.6, None,2020-08-21 10:45:00, 147.0,95.0,34
16.8,0.254, 4.5, 0.009,2020-08-21 11:00:00, 255.0,97.0,34
16.8,0.0, 3.1, None,2020-08-21 11:15:00, 346.0,98.0,34
17.2,0.254, 3.4, None,2020-08-21 11:30:00, 90.0,97.0,34
17.4,0.0, 5.7, None,2020-08-21 11:45:00, 235.0,95.0,34
17.0,0.254, 6.8, 0.009,2020-08-21 12:00:00, 141.0,94.0,34
17.2,0.0, 7.2, None,2020-08-21 12:15:00, 128.0,93.0,34
17.5,0.0, 5.6, None,2020-08-21 12:30:00, 1.0,95.0,34
17.2,0.0, 9.7, None,2020-08-21 12:45:00, 237.0,92.0,34
17.2,1.017, 6.3, 0.011,2020-08-21 13:00:00, 214.0,93.0,34
17.1,0.254, 7.6, None,2020-08-21 13:15:00, 257.0,95.0,34
17.3,0.254, 8.6, None,2020-08-21 13:30:00, 218.0,93.0,34
17.8,0.0, 7.5, None,2020-08-21 13:45:00, 228.0,87.0,34
18.6,0.0, 7.9, 0.01,2020-08-21 14:00:00, 238.0,85.0,34
18.7,0.0, 8.2, None,2020-08-21 14:15:00, 249.0,86.0,34
19.0,0.0, 5.8, None,2020-08-21 14:30:00, 242.0,85.0,34
19.3,0.0, 9.3, None,2020-08-21 14:45:00, 243.0,74.0,34
19.6,0.0, 11.4, 0.008,2020-08-21 15:00:00, 226.0,77.0,34
19.0,0.0, 9.8, None,2020-08-21 15:15:00, 259.0,79.0,34
18.3,0.0, 11.2, None,2020-08-21 15:30:00, 256.0,82.0,34
18.1,0.0, 14.0, None,2020-08-21 15:45:00, 257.0,79.0,34
18.6,0.0, 13.1, 0.009,2020-08-21 16:00:00, 261.0,77.0,34
18.6,0.0, 14.6, None,2020-08-21 16:15:00, 264.0,75.0,34
17.9,0.0, 13.3, None,2020-08-21 16:30:00, 256.0,77.0,34
17.8,0.0, 10.6, None,2020-08-21 16:45:00, 257.0,78.0,34
17.9,0.0, 13.5, 0.008,2020-08-21 17:00:00, 247.0,75.0,34
17.7,0.0, 14.4, None,2020-08-21 17:15:00, 252.0,77.0,34
17.4,0.0, 12.1, None,2020-08-21 17:30:00, 238.0,77.0,34
17.3,0.0, 12.6, None,2020-08-21 17:45:00, 235.0,76.0,34
17.8,0.0, 12.1, 0.007,2020-08-21 18:00:00, 226.0,70.0,34
17.1,0.0, 8.1, None,2020-08-21 18:15:00, 235.0,75.0,34
16.6,0.0, 4.2, None,2020-08-21 18:30:00, 243.0,78.0,34
16.3,0.0, 3.1, None,2020-08-21 18:45:00, 19.0,76.0,34
15.9,0.0, 4.3, 0.009,2020-08-21 19:00:00, 23.0,78.0,34
15.3,0.0, 4.3, None,2020-08-21 19:15:00, 64.0,86.0,34
15.2,0.0, 3.1, None,2020-08-21 19:30:00, 111.0,84.0,34
14.2,0.0, 4.6, None,2020-08-21 19:45:00, 273.0,94.0,34
14.0,0.0, 6.4, 0.01,2020-08-21 20:00:00, 270.0,95.0,34
14.0,0.0, 5.8, None,2020-08-21 20:15:00, 267.0,94.0,34
14.0,0.0, 6.3, None,2020-08-21 20:30:00, 277.0,93.0,34
14.1,0.0, 5.7, None,2020-08-21 20:45:00, 265.0,95.0,34
13.9,0.0, 5.4, 0.01,2020-08-21 21:00:00, 264.0,94.0,34
14.3,0.0, 7.5, None,2020-08-21 21:15:00, 250.0,92.0,34
14.2,0.0, 8.8, None,2020-08-21 21:30:00, 248.0,88.0,34
14.3,0.0, 5.1, None,2020-08-21 21:45:00, 287.0,86.0,34
14.0,0.0, 3.2, 0.008,2020-08-21 22:00:00, 324.0,89.0,34
13.4,0.0, 5.0, None,2020-08-21 22:15:00, 219.0,91.0,34
13.1,0.0, 5.1, None,2020-08-21 22:30:00, 111.0,91.0,34
13.5,0.0, 4.5, None,2020-08-21 22:45:00, 173.0,88.0,34
13.6,0.0, 6.2, 0.01,2020-08-21 23:00:00, 148.0,83.0,34
13.2,0.0, 5.3, None,2020-08-21 23:15:00, 290.0,87.0,34
13.0,0.0, 4.3, None,2020-08-21 23:30:00, 36.0,86.0,34
12.8,0.0, 4.7, None,2020-08-21 23:45:00, 8.0,87.0,34
12.7,0.0, 5.2, 0.008,2020-08-22 00:00:00, 118.0,89.0,34
13.1,0.0, 5.6, None,2020-08-22 00:15:00, 149.0,87.0,34
12.0,0.0, 5.9, None,2020-08-22 00:30:00, 259.0,92.0,34
12.1,0.0, 4.0, None,2020-08-22 00:45:00, 240.0,92.0,34
11.9,0.0, 6.1, 0.005,2020-08-22 01:00:00, 245.0,94.0,34
11.7,0.0, 6.9, None,2020-08-22 01:15:00, 219.0,93.0,34
11.7,0.0, 6.3, None,2020-08-22 01:30:00, 230.0,93.0,34
11.5,0.0, 7.6, None,2020-08-22 01:45:00, 222.0,93.0,34
11.6,0.0, 8.2, 0.01,2020-08-22 02:00:00, 196.0,91.0,34
10.9,0.0, 7.1, None,2020-08-22 02:15:00, 238.0,96.0,34
10.3,0.0, 7.1, None,2020-08-22 02:30:00, 248.0,98.0,34
10.8,0.0, 7.7, None,2020-08-22 02:45:00, 195.0,95.0,34
9.9,0.0, 6.6, 0.008,2020-08-22 03:00:00, 259.0,99.0,34
9.8,0.0, 7.4, None,2020-08-22 03:15:00, 239.0,99.0,34
9.3,0.0, 7.6, None,2020-08-22 03:30:00, 256.0,99.0,34
9.4,0.0, 6.3, None,2020-08-22 03:45:00, 258.0,99.0,34
9.4,0.0, 6.9, 0.008,2020-08-22 04:00:00, 252.0,100.0,34
9.5,0.0, 6.9, None,2020-08-22 04:15:00, 251.0,100.0,34
9.7,0.0, 7.8, None,2020-08-22 04:30:00, 254.0,99.0,34
9.4,0.0, 6.2, None,2020-08-22 04:45:00, 250.0,99.0,34
9.3,0.0, 5.8, 0.005,2020-08-22 05:00:00, 243.0,100.0,34
9.3,0.0, 6.6, None,2020-08-22 05:15:00, 244.0,100.0,34
9.3,0.0, 7.8, None,2020-08-22 05:30:00, 236.0,100.0,34
9.5,0.0, 9.5, None,2020-08-22 05:45:00, 237.0,99.0,34
10.1,0.0, 8.6, 0.009,2020-08-22 06:00:00, 232.0,97.0,34
9.9,0.0, 7.1, None,2020-08-22 06:15:00, 235.0,98.0,34
11.0,0.0, 6.3, None,2020-08-22 06:30:00, 259.0,94.0,34
12.3,0.0, 3.3, None,2020-08-22 06:45:00, 213.0,86.0,34
12.6,0.0, 4.8, 0.005,2020-08-22 07:00:00, 240.0,86.0,34
13.0,0.0, 8.4, None,2020-08-22 07:15:00, 254.0,83.0,34
13.3,0.0, 9.7, None,2020-08-22 07:30:00, 230.0,80.0,34
14.1,0.0, 8.6, None,2020-08-22 07:45:00, 211.0,73.0,34
15.0,0.0, 6.9, 0.007,2020-08-22 08:00:00, 216.0,71.0,34
15.9,0.0, 7.9, None,2020-08-22 08:15:00, 201.0,62.0,34
16.6,0.0, 5.4, None,2020-08-22 08:30:00, 198.0,66.0,34
16.8,0.0, 5.4, None,2020-08-22 08:45:00, 225.0,65.0,34
17.4,0.0, 5.6, 0.007,2020-08-22 09:00:00, 234.0,56.0,34
18.4,0.0, 3.7, None,2020-08-22 09:15:00, 177.0,52.0,34
18.9,0.0, 5.6, None,2020-08-22 09:30:00, 110.0,47.0,34
19.1,0.0, 5.2, None,2020-08-22 09:45:00, 79.0,48.0,34
19.3,0.0, 5.5, 0.002,2020-08-22 10:00:00, 105.0,47.0,34
19.8,0.0, 6.3, None,2020-08-22 10:15:00, 111.0,43.0,34
19.5,0.0, 8.9, None,2020-08-22 10:30:00, 107.0,48.0,34
20.8,0.0, 6.5, None,2020-08-22 10:45:00, 123.0,45.0,34
20.0,0.0, 7.8, 0.003,2020-08-22 11:00:00, 89.0,47.0,34
20.9,0.0, 5.7, None,2020-08-22 11:15:00, 178.0,45.0,34
20.5,0.0, 7.6, None,2020-08-22 11:30:00, 108.0,41.0,34
20.9,0.0, 6.3, None,2020-08-22 11:45:00, 114.0,38.0,34
21.1,0.0, 7.4, 0.007,2020-08-22 12:00:00, 80.0,44.0,34
21.1,0.0, 6.9, None,2020-08-22 12:15:00, 98.0,43.0,34
21.6,0.0, 8.0, None,2020-08-22 12:30:00, 80.0,46.0,34
22.1,0.0, 7.2, None,2020-08-22 12:45:00, 93.0,45.0,34
21.7,0.0, 7.4, 0.008,2020-08-22 13:00:00, 75.0,47.0,34
22.0,0.0, 6.2, None,2020-08-22 13:15:00, 72.0,45.0,34
20.8,0.0, 7.2, None,2020-08-22 13:30:00, 66.0,50.0,34
20.6,0.0, 7.5, None,2020-08-22 13:45:00, 70.0,48.0,34
20.5,0.0, 5.0, 0.007,2020-08-22 14:00:00, 91.0,49.0,34
20.5,0.0, 6.4, None,2020-08-22 14:15:00, 80.0,49.0,34
19.7,0.0, 5.9, None,2020-08-22 14:30:00, 79.0,52.0,34
20.3,0.0, 6.0, None,2020-08-22 14:45:00, 49.0,50.0,34
20.4,0.0, 5.8, 0.008,2020-08-22 15:00:00, 53.0,48.0,34
20.6,0.0, 4.5, None,2020-08-22 15:15:00, 81.0,50.0,34
21.7,0.0, 4.0, None,2020-08-22 15:30:00, 82.0,47.0,34
20.6,0.0, 5.4, None,2020-08-22 15:45:00, 56.0,51.0,34
19.9,0.0, 3.7, 0.006,2020-08-22 16:00:00, 87.0,52.0,34
19.6,0.0, 3.9, None,2020-08-22 16:15:00, 73.0,52.0,34
19.3,0.0, 3.3, None,2020-08-22 16:30:00, 61.0,52.0,34
19.5,0.0, 3.2, None,2020-08-22 16:45:00, 51.0,53.0,34
20.7,0.0, 3.4, 0.004,2020-08-22 17:00:00, 110.0,48.0,34
20.2,0.0, 3.1, None,2020-08-22 17:15:00, 121.0,50.0,34
20.1,0.0, 4.1, None,2020-08-22 17:30:00, 150.0,45.0,34
19.3,0.0, 5.6, None,2020-08-22 17:45:00, 211.0,48.0,34
19.1,0.0, 6.2, 0.004,2020-08-22 18:00:00, 220.0,49.0,34
17.8,0.0, 4.8, None,2020-08-22 18:15:00, 224.0,51.0,34
17.1,0.0, 6.4, None,2020-08-22 18:30:00, 223.0,54.0,34
16.5,0.0, 5.9, None,2020-08-22 18:45:00, 232.0,60.0,34
15.9,0.0, 6.1, 0.007,2020-08-22 19:00:00, 241.0,68.0,34
15.2,0.0, 5.9, None,2020-08-22 19:15:00, 247.0,73.0,34
15.0,0.0, 6.5, None,2020-08-22 19:30:00, 244.0,73.0,34
14.0,0.0, 6.5, None,2020-08-22 19:45:00, 265.0,84.0,34
13.4,0.0, 6.0, 0.005,2020-08-22 20:00:00, 253.0,88.0,34
12.8,0.0, 5.5, None,2020-08-22 20:15:00, 271.0,91.0,34
12.6,0.0, 6.2, None,2020-08-22 20:30:00, 275.0,92.0,34
12.1,0.0, 6.2, None,2020-08-22 20:45:00, 275.0,94.0,34
11.8,0.0, 5.4, 0.007,2020-08-22 21:00:00, 259.0,95.0,34
11.6,0.0, 6.3, None,2020-08-22 21:15:00, 286.0,94.0,34
11.6,0.0, 6.7, None,2020-08-22 21:30:00, 274.0,92.0,34
11.7,0.0, 6.1, None,2020-08-22 21:45:00, 261.0,92.0,34
11.5,0.0, 5.3, 0.007,2020-08-22 22:00:00, 257.0,93.0,34
11.0,0.0, 5.4, None,2020-08-22 22:15:00, 266.0,96.0,34
11.0,0.0, 4.6, None,2020-08-22 22:30:00, 235.0,95.0,34
10.6,0.0, 5.8, None,2020-08-22 22:45:00, 261.0,97.0,34
10.8,0.0, 5.3, 0.009,2020-08-22 23:00:00, 239.0,95.0,34
11.1,0.0, 6.3, None,2020-08-22 23:15:00, 253.0,94.0,34
10.6,0.0, 5.9, None,2020-08-22 23:30:00, 242.0,97.0,34
10.4,0.0, 5.5, None,2020-08-22 23:45:00, 234.0,98.0,34
9.8,0.0, 4.4, 0.008,2020-08-23 00:00:00, 254.0,99.0,34
9.9,0.0, 4.2, None,2020-08-23 00:15:00, 271.0,99.0,34
10.1,0.0, 7.2, None,2020-08-23 00:30:00, 276.0,98.0,34
10.4,0.0, 5.1, None,2020-08-23 00:45:00, 262.0,97.0,34
10.2,0.0, 4.8, 0.006,2020-08-23 01:00:00, 255.0,98.0,34
9.8,0.0, 4.6, None,2020-08-23 01:15:00, 249.0,99.0,34
9.7,0.0, 5.1, None,2020-08-23 01:30:00, 255.0,99.0,34
9.7,0.0, 5.9, None,2020-08-23 01:45:00, 243.0,99.0,34
10.3,0.0, 6.8, 0.006,2020-08-23 02:00:00, 250.0,99.0,34
10.2,0.0, 6.2, None,2020-08-23 02:15:00, 238.0,99.0,34
10.3,0.0, 6.8, None,2020-08-23 02:30:00, 255.0,98.0,34
9.9,0.0, 5.9, None,2020-08-23 02:45:00, 244.0,99.0,34
9.9,0.0, 5.5, 0.006,2020-08-23 03:00:00, 246.0,99.0,34
9.6,0.0, 5.0, None,2020-08-23 03:15:00, 253.0,99.0,34
9.7,0.0, 5.9, None,2020-08-23 03:30:00, 249.0,99.0,34
9.4,0.0, 4.6, None,2020-08-23 03:45:00, 240.0,99.0,34
9.1,0.0, 4.8, 0.006,2020-08-23 04:00:00, 235.0,99.0,34
8.9,0.0, 4.9, None,2020-08-23 04:15:00, 261.0,99.0,34
9.2,0.0, 5.4, None,2020-08-23 04:30:00, 249.0,99.0,34
9.1,0.0, 4.9, None,2020-08-23 04:45:00, 252.0,99.0,34
8.8,0.0, 4.7, 0.006,2020-08-23 05:00:00, 259.0,99.0,34
8.9,0.0, 3.6, None,2020-08-23 05:15:00, 268.0,99.0,34
8.7,0.0, 4.8, None,2020-08-23 05:30:00, 262.0,99.0,34
8.7,0.0, 2.8, None,2020-08-23 05:45:00, 260.0,100.0,34
8.6,0.0, 4.1, 0.008,2020-08-23 06:00:00, 289.0,99.0,34
8.9,0.0, 3.1, None,2020-08-23 06:15:00, 270.0,99.0,34
9.9,0.0, 1.9, None,2020-08-23 06:30:00, 279.0,100.0,34
11.2,0.0, 2.1, None,2020-08-23 06:45:00, 272.0,97.0,34
12.2,0.0, 1.0, 0.007,2020-08-23 07:00:00, 269.0,95.0,34
13.2,0.0, 1.7, None,2020-08-23 07:15:00, 321.0,91.0,34
15.3,0.0, 1.6, None,2020-08-23 07:30:00, 234.0,73.0,34
16.3,0.0, 2.7, None,2020-08-23 07:45:00, 73.0,76.0,34
15.9,0.0, 2.4, 0.004,2020-08-23 08:00:00, 87.0,77.0,34
17.5,0.0, 3.0, None,2020-08-23 08:15:00, 83.0,66.0,34
16.8,0.0, 4.2, None,2020-08-23 08:30:00, 78.0,67.0,34
17.7,0.0, 3.4, None,2020-08-23 08:45:00, 81.0,58.0,34
18.4,0.0, 4.9, 0.003,2020-08-23 09:00:00, 121.0,55.0,34
18.5,0.0, 4.1, None,2020-08-23 09:15:00, 83.0,53.0,34
18.4,0.0, 5.7, None,2020-08-23 09:30:00, 87.0,56.0,34
18.8,0.0, 5.4, None,2020-08-23 09:45:00, 91.0,51.0,34
19.5,0.0, 6.8, 0.008,2020-08-23 10:00:00, 123.0,45.0,34
20.6,0.0, 5.3, None,2020-08-23 10:15:00, 169.0,49.0,34
20.4,0.0, 5.8, None,2020-08-23 10:30:00, 155.0,48.0,34
19.8,0.0, 5.6, None,2020-08-23 10:45:00, 101.0,49.0,34
20.8,0.0, 5.1, 0.007,2020-08-23 11:00:00, 79.0,46.0,34
20.3,0.0, 6.1, None,2020-08-23 11:15:00, 120.0,46.0,34
20.6,0.0, 5.4, None,2020-08-23 11:30:00, 105.0,44.0,34
21.8,0.0, 4.8, None,2020-08-23 11:45:00, 71.0,45.0,34
21.6,0.0, 6.1, 0.004,2020-08-23 12:00:00, 107.0,44.0,34
22.0,0.0, 5.1, None,2020-08-23 12:15:00, 126.0,43.0,34
22.1,0.0, 4.9, None,2020-08-23 12:30:00, 150.0,45.0,34
22.4,0.0, 4.3, None,2020-08-23 12:45:00, 82.0,40.0,34
22.7,0.0, 5.8, 0.006,2020-08-23 13:00:00, 123.0,42.0,34
22.5,0.0, 5.6, None,2020-08-23 13:15:00, 123.0,42.0,34
22.1,0.0, 6.6, None,2020-08-23 13:30:00, 70.0,45.0,34
21.5,0.0, 8.6, None,2020-08-23 13:45:00, 78.0,47.0,34
22.1,0.0, 5.6, 0.007,2020-08-23 14:00:00, 107.0,45.0,34
22.1,0.0, 8.0, None,2020-08-23 14:15:00, 65.0,45.0,34
22.1,0.0, 5.8, None,2020-08-23 14:30:00, 105.0,45.0,34
21.8,0.0, 5.7, None,2020-08-23 14:45:00, 120.0,46.0,34
22.4,0.0, 4.7, 0.006,2020-08-23 15:00:00, 71.0,44.0,34
23.2,0.0, 4.7, None,2020-08-23 15:15:00, 127.0,43.0,34
23.4,0.0, 4.8, None,2020-08-23 15:30:00, 62.0,43.0,34
22.9,0.0, 4.7, None,2020-08-23 15:45:00, 35.0,44.0,34
22.5,0.0, 6.3, 0.006,2020-08-23 16:00:00, 39.0,46.0,34
22.9,0.0, 6.4, None,2020-08-23 16:15:00, 57.0,45.0,34
22.7,0.0, 6.9, None,2020-08-23 16:30:00, 48.0,46.0,34
23.4,0.0, 2.8, None,2020-08-23 16:45:00, 124.0,45.0,34
22.5,0.0, 5.8, 0.002,2020-08-23 17:00:00, 95.0,46.0,34
21.5,0.0, 5.8, None,2020-08-23 17:15:00, 65.0,50.0,34
20.9,0.0, 6.3, None,2020-08-23 17:30:00, 36.0,51.0,34
20.3,0.0, 4.9, None,2020-08-23 17:45:00, 38.0,54.0,34
20.5,0.0, 2.4, 0.006,2020-08-23 18:00:00, 71.0,53.0,34
19.8,0.0, 2.9, None,2020-08-23 18:15:00, 84.0,56.0,34
19.4,0.0, 2.2, None,2020-08-23 18:30:00, 143.0,57.0,34
18.5,0.0, 3.0, None,2020-08-23 18:45:00, 191.0,66.0,34
17.8,0.0, 3.8, 0.006,2020-08-23 19:00:00, 198.0,66.0,34
17.1,0.0, 3.1, None,2020-08-23 19:15:00, 214.0,69.0,34
16.5,0.0, 2.5, None,2020-08-23 19:30:00, 195.0,73.0,34
15.5,0.0, 3.2, None,2020-08-23 19:45:00, 263.0,77.0,34
15.1,0.0, 3.5, 0.007,2020-08-23 20:00:00, 253.0,81.0,34
14.8,0.0, 4.7, None,2020-08-23 20:15:00, 268.0,82.0,34
14.4,0.0, 5.0, None,2020-08-23 20:30:00, 260.0,84.0,34
14.8,0.0, 5.7, None,2020-08-23 20:45:00, 232.0,79.0,34
14.5,0.0, 5.4, 0.006,2020-08-23 21:00:00, 239.0,86.0,34
13.9,0.0, 4.8, None,2020-08-23 21:15:00, 253.0,88.0,34
13.7,0.0, 4.3, None,2020-08-23 21:30:00, 263.0,89.0,34
13.2,0.0, 5.2, None,2020-08-23 21:45:00, 276.0,93.0,34
13.5,0.0, 4.8, 0.008,2020-08-23 22:00:00, 268.0,90.0,34
13.5,0.0, 4.5, None,2020-08-23 22:15:00, 235.0,90.0,34
13.8,0.0, 6.1, None,2020-08-23 22:30:00, 240.0,87.0,34
13.3,0.0, 4.9, None,2020-08-23 22:45:00, 273.0,93.0,34
12.9,0.0, 5.5, 0.009,2020-08-23 23:00:00, 264.0,94.0,34
13.4,0.0, 6.4, None,2020-08-23 23:15:00, 251.0,90.0,34
13.7,0.0, 7.1, None,2020-08-23 23:30:00, 257.0,87.0,34
13.2,0.0, 7.0, None,2020-08-23 23:45:00, 280.0,92.0,34
13.4,0.0, 6.9, 0.009,2020-08-24 00:00:00, 251.0,86.0,34
13.3,0.0, 5.4, None,2020-08-24 00:15:00, 256.0,91.0,34
12.9,0.0, 4.6, None,2020-08-24 00:30:00, 258.0,93.0,34
12.8,0.0, 4.7, None,2020-08-24 00:45:00, 241.0,92.0,34
12.9,0.0, 4.2, 0.007,2020-08-24 01:00:00, 263.0,92.0,34
12.9,0.0, 5.0, None,2020-08-24 01:15:00, 249.0,91.0,34
13.0,0.0, 5.2, None,2020-08-24 01:30:00, 264.0,92.0,34
12.7,0.0, 6.2, None,2020-08-24 01:45:00, 239.0,93.0,34
13.0,0.0, 6.8, 0.007,2020-08-24 02:00:00, 235.0,91.0,34
13.1,0.0, 7.3, None,2020-08-24 02:15:00, 229.0,90.0,34
12.8,0.0, 5.1, None,2020-08-24 02:30:00, 248.0,93.0,34
12.5,0.0, 4.9, None,2020-08-24 02:45:00, 226.0,94.0,34
12.5,0.0, 5.0, 0.008,2020-08-24 03:00:00, 252.0,94.0,34
12.6,0.0, 5.5, None,2020-08-24 03:15:00, 234.0,94.0,34
12.3,0.0, 4.1, None,2020-08-24 03:30:00, 247.0,97.0,34
12.1,0.0, 4.9, None,2020-08-24 03:45:00, 247.0,98.0,34
12.3,0.0, 6.3, 0.01,2020-08-24 04:00:00, 222.0,98.0,34
12.4,0.0, 6.3, None,2020-08-24 04:15:00, 230.0,97.0,34
12.1,0.0, 5.0, None,2020-08-24 04:30:00, 255.0,98.0,34
11.8,0.0, 5.4, None,2020-08-24 04:45:00, 256.0,99.0,34
11.8,0.254, 6.3, 0.009,2020-08-24 05:00:00, 230.0,99.0,34
11.7,0.0, 3.5, None,2020-08-24 05:15:00, 280.0,99.0,34
11.6,0.0, 3.4, None,2020-08-24 05:30:00, 251.0,99.0,34
11.6,0.0, 3.9, None,2020-08-24 05:45:00, 267.0,99.0,34
11.6,0.0, 4.2, 0.009,2020-08-24 06:00:00, 242.0,99.0,34
11.6,0.0, 3.7, None,2020-08-24 06:15:00, 286.0,99.0,34
11.6,0.0, 4.0, None,2020-08-24 06:30:00, 257.0,99.0,34
12.1,0.0, 4.6, None,2020-08-24 06:45:00, 271.0,99.0,34
12.4,0.0, 5.1, 0.009,2020-08-24 07:00:00, 271.0,99.0,34
13.4,0.0, 3.2, None,2020-08-24 07:15:00, 249.0,95.0,34
15.6,0.0, 1.2, None,2020-08-24 07:30:00, 235.0,85.0,34
17.3,0.0, 1.4, None,2020-08-24 07:45:00, 126.0,77.0,34
17.5,0.0, 3.0, 0.005,2020-08-24 08:00:00, 37.0,78.0,34
17.4,0.0, 4.6, None,2020-08-24 08:15:00, 122.0,73.0,34
18.0,0.0, 4.2, None,2020-08-24 08:30:00, 100.0,67.0,34
18.2,0.0, 6.2, None,2020-08-24 08:45:00, 69.0,66.0,34
18.9,0.0, 4.0, 0.005,2020-08-24 09:00:00, 128.0,61.0,34
19.2,0.0, 6.8, None,2020-08-24 09:15:00, 83.0,58.0,34
19.5,0.0, 4.2, None,2020-08-24 09:30:00, 111.0,55.0,34
19.8,0.0, 4.9, None,2020-08-24 09:45:00, 115.0,53.0,34
20.0,0.0, 5.9, 0.003,2020-08-24 10:00:00, 97.0,52.0,34
20.4,0.0, 5.3, None,2020-08-24 10:15:00, 104.0,49.0,34
20.4,0.0, 5.7, None,2020-08-24 10:30:00, 70.0,48.0,34
20.9,0.0, 6.5, None,2020-08-24 10:45:00, 58.0,48.0,34
20.7,0.0, 6.7, 0.009,2020-08-24 11:00:00, 60.0,50.0,34
20.6,0.0, 7.4, None,2020-08-24 11:15:00, 95.0,48.0,34
21.1,0.0, 5.7, None,2020-08-24 11:30:00, 93.0,45.0,34
20.9,0.0, 5.1, None,2020-08-24 11:45:00, 123.0,46.0,34
21.5,0.0, 5.9, 0.008,2020-08-24 12:00:00, 100.0,45.0,34
21.1,0.0, 6.8, None,2020-08-24 12:15:00, 96.0,45.0,34
22.1,0.0, 5.6, None,2020-08-24 12:30:00, 104.0,44.0,34
22.0,0.0, 5.9, None,2020-08-24 12:45:00, 74.0,44.0,34
22.7,0.0, 7.3, 0.004,2020-08-24 13:00:00, 98.0,42.0,34
23.2,0.0, 6.4, None,2020-08-24 13:15:00, 115.0,44.0,34
22.1,0.0, 6.9, None,2020-08-24 13:30:00, 98.0,47.0,34
21.5,0.0, 5.5, None,2020-08-24 13:45:00, 140.0,49.0,34
22.6,0.0, 6.9, 0.005,2020-08-24 14:00:00, 109.0,44.0,34
22.8,0.0, 8.4, None,2020-08-24 14:15:00, 90.0,46.0,34
22.9,0.0, 5.5, None,2020-08-24 14:30:00, 161.0,45.0,34
23.3,0.0, 5.5, None,2020-08-24 14:45:00, 123.0,44.0,34
22.2,0.0, 7.1, 0.003,2020-08-24 15:00:00, 93.0,45.0,34
22.5,0.0, 5.5, None,2020-08-24 15:15:00, 96.0,45.0,34
22.5,0.0, 6.5, None,2020-08-24 15:30:00, 89.0,45.0,34
22.6,0.0, 5.8, None,2020-08-24 15:45:00, 141.0,45.0,34
23.1,0.0, 4.4, 0.005,2020-08-24 16:00:00, 96.0,44.0,34
22.4,0.0, 4.0, None,2020-08-24 16:15:00, 97.0,46.0,34
22.4,0.0, 7.5, None,2020-08-24 16:30:00, 209.0,46.0,34
21.9,0.0, 8.4, None,2020-08-24 16:45:00, 214.0,46.0,34
21.4,0.0, 8.1, 0.006,2020-08-24 17:00:00, 209.0,47.0,34
21.4,0.0, 8.7, None,2020-08-24 17:15:00, 213.0,47.0,34
21.0,0.0, 8.1, None,2020-08-24 17:30:00, 215.0,50.0,34
20.8,0.0, 8.1, None,2020-08-24 17:45:00, 219.0,52.0,34
19.7,0.0, 7.7, 0.004,2020-08-24 18:00:00, 218.0,58.0,34
18.2,0.0, 7.2, None,2020-08-24 18:15:00, 224.0,63.0,34
17.6,0.0, 8.3, None,2020-08-24 18:30:00, 224.0,67.0,34
17.2,0.0, 8.0, None,2020-08-24 18:45:00, 232.0,71.0,34
16.8,0.0, 8.9, 0.008,2020-08-24 19:00:00, 231.0,75.0,34
16.3,0.0, 8.0, None,2020-08-24 19:15:00, 235.0,77.0,34
16.0,0.0, 7.9, None,2020-08-24 19:30:00, 234.0,77.0,34
15.1,0.0, 5.7, None,2020-08-24 19:45:00, 268.0,83.0,34
14.4,0.0, 6.6, 0.006,2020-08-24 20:00:00, 267.0,87.0,34
13.9,0.0, 6.5, None,2020-08-24 20:15:00, 262.0,89.0,34
13.6,0.0, 6.0, None,2020-08-24 20:30:00, 268.0,90.0,34
13.5,0.0, 7.4, None,2020-08-24 20:45:00, 279.0,91.0,34
13.2,0.0, 7.4, 0.01,2020-08-24 21:00:00, 254.0,90.0,34
13.5,0.0, 8.1, None,2020-08-24 21:15:00, 265.0,88.0,34
12.8,0.0, 6.3, None,2020-08-24 21:30:00, 264.0,92.0,34
12.3,0.0, 6.2, None,2020-08-24 21:45:00, 270.0,93.0,34
12.6,0.0, 6.5, 0.006,2020-08-24 22:00:00, 270.0,91.0,34
12.5,0.0, 7.0, None,2020-08-24 22:15:00, 272.0,91.0,34
12.2,0.0, 6.2, None,2020-08-24 22:30:00, 282.0,92.0,34
12.0,0.0, 5.0, None,2020-08-24 22:45:00, 287.0,92.0,34
11.9,0.0, 7.9, 0.008,2020-08-24 23:00:00, 282.0,92.0,34
11.8,0.0, 5.7, None,2020-08-24 23:15:00, 272.0,92.0,34
11.9,0.0, 5.5, None,2020-08-24 23:30:00, 279.0,92.0,34
11.4,0.0, 5.5, None,2020-08-24 23:45:00, 281.0,95.0,34
11.3,0.0, 4.6, 0.008,2020-08-25 00:00:00, 272.0,95.0,34
11.2,0.0, 5.0, None,2020-08-25 00:15:00, 279.0,96.0,34
10.9,0.0, 5.5, None,2020-08-25 00:30:00, 265.0,96.0,34
10.8,0.0, 3.7, None,2020-08-25 00:45:00, 274.0,97.0,34
10.7,0.0, 5.1, 0.005,2020-08-25 01:00:00, 263.0,97.0,34
10.5,0.0, 4.7, None,2020-08-25 01:15:00, 267.0,98.0,34
10.1,0.0, 4.7, None,2020-08-25 01:30:00, 257.0,99.0,34
10.1,0.0, 4.2, None,2020-08-25 01:45:00, 252.0,99.0,34
10.0,0.0, 4.0, 0.006,2020-08-25 02:00:00, 258.0,99.0,34
9.9,0.0, 4.6, None,2020-08-25 02:15:00, 275.0,99.0,34
9.8,0.0, 5.2, None,2020-08-25 02:30:00, 278.0,99.0,34
10.1,0.0, 5.5, None,2020-08-25 02:45:00, 274.0,99.0,34
10.5,0.0, 5.3, 0.007,2020-08-25 03:00:00, 248.0,100.0,34
10.0,0.0, 4.4, None,2020-08-25 03:15:00, 245.0,99.0,34
9.4,0.0, 4.7, None,2020-08-25 03:30:00, 278.0,99.0,34
9.7,0.0, 5.7, None,2020-08-25 03:45:00, 290.0,99.0,34
10.1,0.0, 4.5, 0.009,2020-08-25 04:00:00, 267.0,99.0,34
9.9,0.0, 5.5, None,2020-08-25 04:15:00, 282.0,100.0,34
10.2,0.0, 5.4, None,2020-08-25 04:30:00, 258.0,99.0,34
9.9,0.0, 4.9, None,2020-08-25 04:45:00, 300.0,99.0,34
9.4,0.0, 3.5, 0.007,2020-08-25 05:00:00, 252.0,99.0,34
9.2,0.0, 4.9, None,2020-08-25 05:15:00, 283.0,99.0,34
9.3,0.0, 4.9, None,2020-08-25 05:30:00, 263.0,99.0,34
9.5,0.0, 4.7, None,2020-08-25 05:45:00, 262.0,99.0,34
9.5,0.0, 4.7, 0.007,2020-08-25 06:00:00, 269.0,99.0,34
9.9,0.0, 3.4, None,2020-08-25 06:15:00, 250.0,99.0,34
10.9,0.0, 2.3, None,2020-08-25 06:30:00, 267.0,99.0,34
11.5,0.0, 2.8, None,2020-08-25 06:45:00, 279.0,97.0,34
12.7,0.0, 2.8, 0.005,2020-08-25 07:00:00, 266.0,93.0,34
13.6,0.0, 2.3, None,2020-08-25 07:15:00, 284.0,92.0,34
14.9,0.0, 3.1, None,2020-08-25 07:30:00, 74.0,87.0,34
15.4,0.0, 3.0, None,2020-08-25 07:45:00, 76.0,84.0,34
16.3,0.0, 2.4, 0.004,2020-08-25 08:00:00, 40.0,81.0,34
16.7,0.0, 3.8, None,2020-08-25 08:15:00, 100.0,80.0,34
16.9,0.0, 4.7, None,2020-08-25 08:30:00, 93.0,72.0,34
17.9,0.0, 4.4, None,2020-08-25 08:45:00, 108.0,69.0,34
18.7,0.0, 4.8, 0.005,2020-08-25 09:00:00, 136.0,64.0,34
18.7,0.0, 5.5, None,2020-08-25 09:15:00, 97.0,62.0,34
19.3,0.0, 6.3, None,2020-08-25 09:30:00, 102.0,60.0,34
19.6,0.0, 5.3, None,2020-08-25 09:45:00, 88.0,56.0,34
20.1,0.0, 6.6, 0.003,2020-08-25 10:00:00, 111.0,56.0,34
20.3,0.0, 7.1, None,2020-08-25 10:15:00, 110.0,57.0,34
20.6,0.0, 7.4, None,2020-08-25 10:30:00, 74.0,57.0,34
20.8,0.0, 6.3, None,2020-08-25 10:45:00, 94.0,57.0,34
21.1,0.0, 6.7, 0.007,2020-08-25 11:00:00, 119.0,56.0,34
21.4,0.0, 7.0, None,2020-08-25 11:15:00, 94.0,53.0,34
21.8,0.0, 6.1, None,2020-08-25 11:30:00, 129.0,53.0,34
22.0,0.0, 7.2, None,2020-08-25 11:45:00, 85.0,51.0,34
22.3,0.0, 6.9, 0.007,2020-08-25 12:00:00, 87.0,51.0,34
22.7,0.0, 6.9, None,2020-08-25 12:15:00, 106.0,47.0,34
23.8,0.0, 5.7, None,2020-08-25 12:30:00, 184.0,45.0,34
23.3,0.0, 8.7, None,2020-08-25 12:45:00, 220.0,46.0,34
22.2,0.0, 5.8, 0.008,2020-08-25 13:00:00, 211.0,49.0,34
23.3,0.0, 6.2, None,2020-08-25 13:15:00, 162.0,46.0,34
24.5,0.0, 5.7, None,2020-08-25 13:30:00, 135.0,41.0,34
24.2,0.0, 8.6, None,2020-08-25 13:45:00, 139.0,43.0,34
24.3,0.0, 6.7, 0.008,2020-08-25 14:00:00, 140.0,43.0,34
24.2,0.0, 9.4, None,2020-08-25 14:15:00, 141.0,42.0,34
24.0,0.0, 9.0, None,2020-08-25 14:30:00, 123.0,42.0,34
23.7,0.0, 6.6, None,2020-08-25 14:45:00, 129.0,43.0,34
23.0,0.0, 5.7, 0.005,2020-08-25 15:00:00, 152.0,46.0,34
23.5,0.0, 3.1, None,2020-08-25 15:15:00, 112.0,44.0,34
23.2,0.0, 3.8, None,2020-08-25 15:30:00, 172.0,45.0,34
22.4,0.0, 3.4, None,2020-08-25 15:45:00, 208.0,46.0,34
21.9,0.0, 3.9, 0.007,2020-08-25 16:00:00, 237.0,47.0,34
22.6,0.0, 5.0, None,2020-08-25 16:15:00, 172.0,45.0,34
23.7,0.0, 6.6, None,2020-08-25 16:30:00, 219.0,42.0,34
23.8,0.0, 7.8, None,2020-08-25 16:45:00, 217.0,43.0,34
23.8,0.0, 4.6, 0.005,2020-08-25 17:00:00, 244.0,44.0,34
23.8,0.0, 6.2, None,2020-08-25 17:15:00, 258.0,43.0,34
23.9,0.0, 4.6, None,2020-08-25 17:30:00, 280.0,44.0,34
23.8,0.0, 3.4, None,2020-08-25 17:45:00, 310.0,43.0,34
22.1,0.0, 5.1, 0.003,2020-08-25 18:00:00, 267.0,46.0,34
20.4,0.0, 6.8, None,2020-08-25 18:15:00, 272.0,47.0,34
20.0,0.0, 3.6, None,2020-08-25 18:30:00, 339.0,46.0,34
19.5,0.0, 4.3, None,2020-08-25 18:45:00, 56.0,51.0,34
19.0,0.0, 2.5, 0.006,2020-08-25 19:00:00, 99.0,49.0,34
18.7,0.0, 2.9, None,2020-08-25 19:15:00, 65.0,51.0,34
18.2,0.0, 1.6, None,2020-08-25 19:30:00, 195.0,51.0,34
17.3,0.0, 4.3, None,2020-08-25 19:45:00, 276.0,54.0,34
16.9,0.0, 5.3, 0.004,2020-08-25 20:00:00, 271.0,57.0,34
16.5,0.0, 5.1, None,2020-08-25 20:15:00, 249.0,60.0,34
16.1,0.0, 5.7, None,2020-08-25 20:30:00, 260.0,61.0,34
15.8,0.0, 5.4, None,2020-08-25 20:45:00, 241.0,63.0,34
16.2,0.0, 7.3, 0.006,2020-08-25 21:00:00, 219.0,62.0,34
14.9,0.0, 8.1, None,2020-08-25 21:15:00, 240.0,75.0,34
14.9,0.0, 7.2, None,2020-08-25 21:30:00, 232.0,75.0,34
14.9,0.0, 7.8, None,2020-08-25 21:45:00, 242.0,74.0,34
15.2,0.0, 8.8, 0.006,2020-08-25 22:00:00, 231.0,71.0,34
15.0,0.0, 9.5, None,2020-08-25 22:15:00, 234.0,72.0,34
14.6,0.0, 8.9, None,2020-08-25 22:30:00, 236.0,74.0,34
14.2,0.0, 8.6, None,2020-08-25 22:45:00, 230.0,77.0,34
13.7,0.0, 9.2, 0.009,2020-08-25 23:00:00, 225.0,78.0,34
13.6,0.0, 9.3, None,2020-08-25 23:15:00, 220.0,81.0,34
13.0,0.0, 8.3, None,2020-08-25 23:30:00, 237.0,84.0,34
12.2,0.0, 9.1, None,2020-08-25 23:45:00, 241.0,88.0,34
